nitrite__micromole_per_kilogram,", not analyzed, below detection limit, 0, &lt;2.2, 0.13, 6.4516129032"
biome__,terrestrial
Bicarbonate__micromole_per_kilogram,"190.11, 409.73, 370.39, 229.45, 280.25, 290.09, 6949, 119.64, 2196.15, 262.23, 1835.58"
phosphate__micromole_per_liter,"2.42, 2.29, 2.26, 2.295"
temp__degreesCelsius,"55, 30.2, 33.9, 45.4, 31.5, 27.7, 50.8, 45.2, 61.5, 37.4, 77.3"
Plate counts on M3-CH3OH__CFU/ml,"2x10E2, 5x10E2, nd, 0, &gt;10E2, &gt;10E3"
DIC__mg/L,"27, 4.1, &lt;3, 22, 3.75, 3, 81, 3.9"
Be__nanogram_per_liter,", 12.5"
diss_hydrogen__micromolePerKilogram,", 0.08, &lt;0.001, 0.054, 232, 0.052, 0.001"
sulfate__micromole_per_kilogram,", 623, 25200, 18700, 8544, 30.19, 9.37, 980, 15941, 330, 3945.62, 60, 6906, 3323, 499, 5.21, 8300, 827.64, 138, 906.25, 1958.3333333333, 170, 142.63, 26600, 28646, 1940, 3510, 25600, 3130, 28663, 0, 20.82, 92.7083333333, 27300, 9446, 1560, 367, 27693, 7.03, 3938, 20791, 965, 8633, 1350, 333.14, 1330, 1656.25, 27771, 70, 103, 4604, 27120, 25000, 10, 1604.1666666667, 27500, 1729.1666666667, 28269, 31.23, 26200, 30, 108, 437.5, 1470, 29796, 24762, 27790, 1998.83, 6219, 28736"
Pr__nanogram_per_liter,", 155"
methane__micromole_per_kilogram,", 11824, 331, 9300, 0.09, 0.28, 2340, 8860, 1073, 9403, 0, 7.63, 938, 810, 25.1, 1270, 91.6, 0.11, 1950, 2330, 5400, 1760, 861.7"
sodium__micromolePerKilogram,", 78300, 109000, 65700, 420000, 11100, 31900, 13400, 504000, 160 mg/L, 10500, 12200, 9640"
S__nanogram_per_liter,", 9500000.0"
arsenic__microgramsPerLiter,", 7"
functional_gene_assays__Alphanumeric,", 98% of mcrA clones are phylogenetically related to phylotypes belonging to ANME-1, cDNA libraries detected nifH genes relating to Ca. D. audaxviator and Alpha-Proteobacteria , pmoA clones are comprised of Methylocystis sp. (40%) and a gene relating to a hypothetical protein in Ca. D. audaxviator (40%), cDNA library indicated presence of the mcrA gene relating to ANME-1 "
elevation__meter,"0, -511, 2, 5, 7, 9, 402, 1710, 239, 414, 160, 36, -1115, 39, 809, 170, 44, 1709, -210, 1588, 53, 1593, 840, 75, 341, 215, 420, 1375, -2585, 232, 622, 111, 246, -1542"
water_age__millionsOfYears,", 0.02, 0.01, 0.013, 0.03"
collection_date,", 2003-06-29, 2016-05-18, 2006-07-25, 2003-06-28, 2011-08-29, 2013-04-19, 2010-09-18, 2013-04-26, 2014-04-18, 2010-09-16, 2011-02-19, 2013-10-01, 2013-04-16, 2011-02-14, 2013-03-30, 2009-02-20, 2013-01-18, 2012-11-21, 2007-10-31, 2011-03-29, 2011-04-00, 2010-09-28, 2003-07-01, 2010-09-26, 2010-08-25, 2013-04-23, 2011-07-12, 2013-03-25, 2013-03-27, 2012-04-17, 2013-03-21, 2011-11-29, 2009-07-23, 2010-08-31, 2013-02-07, 2011-11-25, 2011-02-02, 2008-02-01, 2013-04-30, 2008-02-07, 2008-07-19, 2008-04-15, 2008-04-17, 2008-04-16, 2013-03-19, 2012-09-22, 2013-04-17, 2013-05-28, 2008-09-04, 2003-07-02, 2012-03-23, 2003-07-05, 2016-05-24, 2008-08-20, 2016-05-23, 2013-08-08, 2008-04-25, 2009-12-15, 2009-12-14, 2013-03-06, 2011-10-20, 2012-04-30, 2011-02-11, 2011-08-00, 2016-05-22, 2003-07-11, 2009-08-07, 2012-11-15, 2011-01-15, 2016-05-20, 2010-05-18, 2007-09-17, 2013-08-15, 2012-03-25, 2009-04-13, unknown, 2014-12-01, 2014-12-04, 2011-06-28, 2011-06-29, 2011-07-28, 2014-07-12, 2013-08-01, 2014-10-22, 2010-10-01, 2010-10-02, 2014-10-21, 2011-10-18, N/A, 2013-01-28, 2007-06-01, 2012-10-03, 2012-11-25, 2012-10-04, 2016-05-28, 2010-01-26, 2010-01-27, 2012-04-16, 2008-08-10, 2012-04-18, 2012-12-25, 2012-09-13, 2012-08-02, 2011-06-26, 2009-02-13, 2011-06-27, 2012-07-08, 2009-07-25, 2013-05-14, 2013-05-15, 2011-11-00, 2011-11-01, 2012-10-14, 2012-10-16, 2012-04-05, 2012-04-04, 2010-11-03, 2009-03, 2012-12-29, 2010-08-07, 2011-01-25, 2011-10-31, 2011-01-29, 2011-01-28, 2013-05-09, 2010-08-08, 2011-03-04, 2011-03-06, 2010-09-02, 2010-09-03, 2012-10-26, 2008-10-11, 2013-06-28, 2012-07-20, 2011-02-01, 2013-06-23, 2012-07-27, 2014-10-17, 2013-01-11, 2016-05-29, 2009-03-09, 2008-08-06, 2013-02-20, 2013-02-27, 2014-10-19, 2009-03-01"
samp_store_dur__days,From collection to now
nitrate__micromole_per_kilogram,", 1.5, 4.7, 38.76, below detection limit, 27.72, 41.6, 0.5, 2.6, 0, 3.4, 1.7, 0.11, 0.48, 6, 0.97, 9.7, 2.1, 2.5, 2.4"
Hf__nanogram_per_liter,", 2.75"
Gd__nanogram_per_liter,", 355"
plate counts on M3-NH4Cl+vitamines__CFU/ml,"5x10E3, 2x10E2, 2x10E3, 5X10E3, &lt;10E2, 3x10E4, &gt;10E4, &gt;10E2, 1x10E4, &gt;10E3"
envo_biome__Alphanumeric,", N/A, basalt, oceanic crust, terrestrial freshwater aquatic, marine, sediment"
samp_store_temp__celsius,", -70 , -20, -80, -20C/-80C, 4"
As__nanogram_per_liter,", 16.0"
Te__nanogram_per_liter,", 21"
diss_org_carb__microMoleCarbonPerLiter,", 0.6"
illumina_index,"CGCACA, CAGATC, GCCAAT, GCTCGC, TACATC, AGATAC, TGCTCG, AGGTGA, CCCTCG, GGCTAC, CGTGAC, CTCGTA, unknown, ATCACG, CTTGTA, ACGCAA, ACAGTG, CTAGGC, TTAGGC, GATCAG, GTAGAT, TAGCTT, ATAATC, CGATGT, GCGGTA, AGGAGT, ATATGC, CCAAGT, TATCGC, ACGACT, GAGTTG, TGACCA, ACTTGA, CCAAGA"
Sn__nanogram_per_liter,", 3.8"
nitrite__micromole_per_liter,"0, 0.01"
rock_age__millionsOfYears,"4.07, 2900, 9.97, 7.54, 4.75, 12.35, 2700, 2450, 0.72, 2000, 3.5, 3.2, 8.21, 8.05, 0.36, 10.60, 10.58, 5.80"
formation_name__Alphanumeric,", Skafta River, Sonora Margin Seep Core 6 , Transvaal dolomite, Iheya North Field, Bushveld Igneous Complex, Guaymas Basin NW Ridge Flank Core 4, Guaymas Basin NW Ridge Flank Core 3, Witwatersrand Supergroup, Ligurian Ophiolite, Louisville Seamounts, Burton Guyot, Guaymas Basin Ridge SE Flank Core 13, Guaymas Basin Ridge Flank Core 10 , Hakon Mosby Mud Volcano , Witwatersrand quartzite, Layer 2A, Upper Sonora Margin core 12, Tablelands Ophiolite, Coast Range Ophiolite, Wanapum, Loihi Seamount, Soudan, Grande Ronde, Guaymas Basin Off-Axis Seep Core 11, Transvaal Supergroup, Dorado Outcrop, Louisville Seamounts, Rigil Guyot"
tot_depth_water_col__meter,", 3615, 667, 451, 1344, 1266, 3060, &gt;1m, 3064, 3043, 87, 1859, 3055, 1366, 1525, 1950.9, 4414, 3100, 1611, 0 m (drill fluid control), 2667, 1500, -1059, 1250, 2661, 3085, 1509, -1060, 1545, 2585, 4096, N/A, 3137, 3150, 1496, 1499, 4482.5, 1550, 2216, 1604, 35, 34, 1681, 1731, 4480, 1749, 2678, 1516"
Ag__nanogram_per_liter,", 1.5"
resistivity__ohm-meters,n.d.
Os__nanogram_per_liter,", 2.2"
Eu__nanogram_per_liter,", 84"
rock_age__Alphanumeric,", ~3.5Mya"
sequencing_meth__Alphanumeric,", 454 pyrosequencing, pyrosequencing on a Roche GS-FLX with Roche Titanium protocol, Illumina, Pyrosequencing, Illumina MiSeq, illumina HiSeq, 454, 454 sequencing, 454 i-tag, clone and sequencing, 454 v4v6, HiSeq"
anchor for trimming (454 sequencing only),TGGGCGTAAAG
trace_element_geochem__AlphaNumeric,yes
noble_gas_chemistry__AlphaNumeric,", yes"
phosphate__micromolePerKilogram,"37.01, , 4.7, 29.85, &lt;2, &lt;0.005 mg/L, 70.48, 6.99, 2.72, 1.9, 197.56, 6.4, 146.57, 113.5, 19.83, 3.7, 0.69, 121.17, 2.35, 4.6, 268.05"
description__Alphanumeric,Iberian Margin Amplicons
isol_growth_cond__Alphanumeric,", Marteinsson et al. 2012, MoBioPowerBiofilm, MoBioPowerWater"
samp_size__liter,1
microbial_biomass_qPCR__geneCopies,"71800, 18800, 698000, 135000, 9500, 155000, 152000, 15000, 11300, 2800, 363000"
sulfate__micromolePerKilogram,", 2550, 830, 4920, 1980, 55, 4010, 22300, 1950, 394, 2350, 3980, 170"
diss_inorg_carbon_del13C__parts per million,", -9.32, -41.94, -7.38"
type of access point__,"thermal spring, artesian thermal drilling"
Ti__nanogram_per_liter,", 17000.0"
Co__nanogram_per_liter,", 7200"
Al__nanogram_per_liter,", 230000"
calcium__micromolePerKilogram,", 19500, 5166.6, 4240, 3000, 13500, 9726.9, 2654.1, 6080, 8718.8, 3360, 44 mg/L, 3614.5, 3179.6, 440, 3592.5, 4464, 78, 2601.1, 470, 37100, 2100, 2311.6"
Y__nanogram_per_liter,", 19000"
methane _Bottom water___micromole_per_liter,"0.02, 0.3, 0.7, 5.7"
Th__nanogram_per_liter,", 0.5"
domain,"Archaea, Bacteria"
adapter_sequence,"TGTCA, NNNNGCTAC, GTAGA, CATGT, GCGTG, TACGC, AGATG, GCACG, ATGTC, TCTGT, NNNNCGCAG, CGCAG, NNNNAGTGT, NNNNTCAGC, NNNNGAGAC, CAGCT, NNNNTGACT, NNNNGACAG, AGCAT, TCGCT, NNNNACTCG, CTCGT, TCACA, TCATG, GCGAT, NNNNTGATA, ACTGC, GACTC, GTCAC, TACAT, TGATA, CTAGC, GATCT, NNNNCGCGA, GTGAG, NNNNCTAGC, CGCGA, NNNNCAGTA, CTGAT, CGACG, CACTG, TCGAG, NNNNTAGCA, NNNNATGCT, ATGCT, CAGTA, ACTAT, TGACT, NNNNTAGTG, NNNNATACG, ATACG, GTATC, CGTCT, GACGT, ACGCA, NNNNAGACA, TAGTG, GCATA, TACTA, AGAGC, TCGTC, AGCTA, TGTAG, NNNNTCACA, CACAC, CATCG, GCAGT, ACATC, GCTCA, ATATA, ACACT, GAGAC, NNNNCGAGT, CTGCA, TCAGC, CTGTG, NNNNATATA, NNNNACGCA, GACAG, CGTAC, ATCAG, CTCTA, TAGCA, ACTCG, TGCTG, NNNNCTACT, GTGTA, CTACT, NNNNACTGC, NNNNTCGAG, NNNNCGCTC, NNNNCGACG, GATGA, AGTGT, CGAGT, NNNNATAGT, CGCTC, GCTAC, NNNNACTAT, GAGCG, CAGAG, NNNNGACTC, ACGAC, TGCGT, NNNNTACGC, NNNNGTATC, ATAGT, NNNNGTCAC, ATCGA, GTCTG, NNNNATCGA"
boron__microgramsPerLiter,", 840"
Hg__nanogram_per_liter,", 5"
NPOC__mg/L,"11, 10, 12, 5.1, 19, 6.6, 5, 6.2, &lt;2.40"
Tb__nanogram_per_liter,", 64"
sodium__micromole_per_kilogram,", 3770, 10000, 65680.7307525011, 5.713829928E-007, 489300, 487100, 451221, 452612, 460223, 4.742161992E-007, 130056.55, 1.457501904E-007, 470300, 1.066722408E-007, 9.87510348E-008, 79800, 472500, 121792.08, 47846.8899521531, 9.03017484E-008, 524, 110047.85, 526, 2150, 9565, 482800, 57416.27, 471200, 96000, 523, 464200, 45100, 41365.81, 448020.878642888, 48200, 1.21458492E-007, 69595.4762940409, 1.246269744E-007, 470921, 73, 80469.77, 456681, 464658, 225, 205306.66, 268, 84300, 499497, 3390, 121357.11, 172683.78, 466019, 78294.910830796, 78000, 264027.838190518, 458000, 216615.92, 2.091198384E-007, 460412, 459338, 67000, 397999.13, 1.167057684E-007, 447379"
nitrate__micromolePerKilogram,", 16.08, &lt;0.005 mg/L, 11.582, &lt;0.8, 1.76, 41.04, 0.62, 9.8, 0.98, 2.67, 1.05, 1.9 mg/L"
only GCs: Sulfate reduction rate at DNA__nmol/ml1/d1,", 0.1, 0.5, 0.4, 17.5"
forward_primer,"AGGTGNTGCATGGCTGTCG, AGGTGNTGCATGGTTGTCG, AGGTGNTGCATGGCCGTCG, AGGTGNTGCATGGTCGTCG, CCAGCAGCCGCGGTAAN, CCAGCAGCTGCGGTAAN, AATTGGAN?TCAACGCCNG, CNACGCGAAGAACCTTANC, CAACGCGAAAA+CCTTACC, CAACGCGCAGAACCTTACC, ATACGCGA[AG]GAACCTTACC, CTAACCGANGAACCT[CT]ACC, CAACGCG[AC]A[AG]AACCTTACC, GCCTAAAGCATCCGTAGC, GCCTAAArCGTyCGTAGC, GTCTAAAGGGTCyGTAGC, GCTTAAAGnGTyCGTAGC, GTCTAAArCGyyCGTAGC, G[TA]AG[GA][GA]GT[GA]AAAT, CCTACGGGAGGCAGCAG, CCTACGGGNGGC[AT]GCAG, TCTACGGAAGGCTGCAG"
Single-cell sorting followed by 16S scre__Alphanumeric,", Detected phylotypes are related to Delta-Proteobacteria, Firmicutes and Spirochaetes, Detected phylotypes are related to an uncultured archaea from hot spring, Detected phylotypes are related to Gamma-Proteobacteria,  Ignavibacteria and Ca. D. audaxviator, Detected phylotypes are related to Beta-Proteobacteria  and Firmicutes including Ca. D. audaxviator and Thermincola sp.."
Dy__nanogram_per_liter,", 405"
salinity__PSS-78,", 7.33, 23.08, 25.32, 9.05, 14.8, 3.0, 13.9, 26.7, 6.8"
sample_id__,"NeaKessani, Alexandria, AgiaParaskevi, Mesochori3, NeoErasmio, kabasilon, NeaApollonia3, Termopigi, Giotrisi, Traianoupoli, Nymfopetra"
Si__nanogram_per_liter,", 8000000"
iron__micromolePerKilogram,", 1630, 1.6, 1.7, 22, 1.2, 5.7, 0.36, 0.01, 1, 2.3, 128, 160"
Br__nanogram_per_liter,", 980"
env_feature,"endolithic habitat, subglacial lake, estuary, plutonic rock, anthropogenic habitat, geological fracture, unknown, metamorphic rock, well, mine, trench, subterrestrial habitat, mud volcano, hydrothermal vent, marine hydrothermal vent, continental margin"
env_feature__Alphanumeric,"unknown, marine hydrothermal vent"
methane__microMolar,", 1306, 4286, 1784, 3363, 4500, 2796"
data source__Alphanumeric,"unpublished, NIeman et al. 2006, Nieman et al. 2006, Felden et al. 2010"
lithology__Alphanumeric,", laminated interval composed of clay mixed with diatoms, silt-sized carbonates, siliciclastic material, volcanic ash and coccolit, Vared Clay/Silty Clay, aphyric basalt breccia, coccolith ooze, pumiceous gravel , potential sapropel layer, sediment, plagioclase augite olivine phyric basalt breccia, volcanic sandstone, sedimentary breccia, laminated interval composed of brown organic-rich clay mixed with diatoms, calcareous ooze, Basalt, Olivine plagioclase augite phyric basalt breccia, hydrothermally altered clay, mix between hydrothermal clay and pumiceous grit, basalt, drill fluid, boundstone, Sapropel S1, Sapropel S5, pumiceous grit matrix supported, siliceous ooze, pumiceous grit, pumiceous gravel, plagioclase phyric basalt breccia, clay, olivine-augite phyric basalt breccia, olivine phyric basalt breccia, black, organic-rich diatom and coccolith ooze mixed with large volumes (&gt;50% sediment) of cm-size gypsum crystals"
C__nanogram_per_liter,", 46000"
quality_method__Alphanumeric,", perfluorocarbon tracer, Picogreen, Marteinsson et al. 2012, flurescent microscphere, PFT, fluorescent microspheres"
ammonium__micromole_per_kilogram,", 159, 393, 235, 1.94, 119, 81.1, 50.2, below detection limit, 1.11, 230, 3.88, 2.77, 1371, 82.75, 917, 282, 308, 46.6, 44.90, 83.2, 69.5, 446, 4.43, 122, 241, 107, 236, 17, 98, 53.56, 7.76, 1.66, 2.22, 294, 1108"
sodium_mg/L___milligram_per_liter,"1.45, "
dna_extraction_meth__Alphanumeric,", MoBioPowerWater, phenol-chloroform, Phenol:chloroform based method (see Mills, 2011), UltraClean Microbial DNA isolation kit (MoBio), Mo Bio PowerMax Soil, Mobio Power Soil, Fast DNA Spin Kit for Soil, PhenolChloroform, Mo Bio Power Max Soil, MoBio Soil DNA , freeze-thaw,SDS,phenol-chloroform,ethanol precip, Mo Bio Power Soil, Hot alkaline extraction, Marteinsson et al. 2012, MoBioPowerBiofilm, CTAB phenol/chloroform extraction, MoBio Power Water, MP Biomedical FAST DNA, freeze-thaw,SDS,phenol-chloroform,ethano, none, MoBio PowerSoil DNA extraction kit, CTAB phenol/chloroform, Qiagen Genomic DNA lysis buffer, MoBio Power Soil"
noble gas chemistry__,He-Ne-Ar
sulfate__parts per million,", 1.03, 0.29, 59.6, 59.9, 40.1, 2.74, 0.30, 123, 71, 1.08, 4.71, 4.93, 1.43"
manganese_mn__micromole_per_kilogram,", 13.578, 19.2, 6.02, 0.310, 5.26, 41.910, 137, 50.8, 0.66, 5.64, 5.1, 101, 14.515, not analyzed, 16.6, 12.785, 0.82, 0, 4.382, 15.053, 23.038, 8.322, 0.16, 26.9, 17.919, 42.5, 88.9, 5.612, 1.66, 65.7, 4.91, 22.8, 2.00, 0.180"
Ge__nanogram_per_liter,", 41.5"
diss_oxygen__micromole_per_kilogram,", 9.38, 3.13, 1.88, 9, 3.13E+001, 1.47, &lt;3.1e-1, 225, 1.25"
dataset,"OL_KR55, 1376_17R_Bac, Serp_CR11_8B_Apr, IODP_331_Site_C14D_1_4, KJ0052F01_100L, OL_KR49_532m, TWNCO2_1956m, IODP_331_Site_C14D_1_1, TWNCO2_1675m, IODP_331_Site_C14D_1_3, NP13501, Wallulua_2009_31, Challenger_West_Pond_ZeroPointOneMicron, KF0069A01_2, LO13_2, OL_KR56, IODP_X336_U1382B_8H6, LO13_8, TWNCO2_2273m, Serp_CR11_8A_Apr, J676black_Bv4v5, Traianoupoli, PS64_371_1_GC, EM_15103_2_21_34, J672black_Av4v5, 1374_58R_Bac, 951W11, BE326FW270712BH2, Serp_LS11_83, BS_2A, NO14FW130912, KA3510A_Prov_1, Challenger_Middle_Pond_ZeroPointTwoMicron, Bering_5_Bv6v4, S2, Site17A_322mbsf, Giotrisi, Challenger_Middle_Pond_ZeroPointOneMicron, Site17A_264mbsf, BS_15105_2_390_405, Challenger_West_Pond_ZeroPointTwoMicron, Wallulua_2011_34, PS64_332_1_GC, IODP_331_Site_C14B_1_2, IODP_331_Site_C14B_1_3, IODP_331_Site_C14B_1_1, BS_8A, IODP_331_Site_C14B_1_4, 942W14, KC_7850_SWA_Bv6v4, KA3385A_2, 1376_23R, BE326FW250111BH2, J676black_Av4v5, Aar_DrillFluid_59E_NC, EM_15103_2_220_240, Nymfopetra, MSM16_2_809_1_MUC, Knox_65C_7H2, TWNCO2_1564m, NeaKessani, Alexandria, ONK_KR15_2, Site17A_447mbsf, Knox_63E_24H2, Aar_65C_4H2, PS64_336_1_GC, S6, 1374_27R_Bac, 1374_68R_Bac, DB_15102_1_23_43, Serp_TL11_72, 1301A_1b, Venere_summit_2, Bering_7_Bv6v4, BS_5.5A, O_12, TWNCO2_2659m, IODP_X336_U1382B_1H3, 1301A_3a, 1301A_3b, PS74_2_169_1_PUC3, 1301A_3d, 920W2, KA3110A_2, PC2D, Challenger_West_Pond_ThreeMicron, Bering_6_Bv6v4, OL_KR9_468m, 1374_31R_Bac, TWNCO2_2224m, TWNCO2_1909m, JdF4HCC, Venere_flow_150_m_from_summit_60, TWNCO2_1814m, Venere_flow_80_m_from_summit_48, Ulithi_ThreeMicron, MSM16_2_855_1_MUC, Cetus_summit_40, Aurora_blank, 932W2, Wallulua_2009_39, TWNCO2_1788m, 6_D, Site17A_419mbsf, IODP_331_Site_C14B_2_3, TWNCO2_2465m, NeoErasmio, Knox_63E_6H2, PC4A, MSM16_2_838_1_MUC, PC2B, Serp_CR11_CSW1_1, IODP_X327_U1363D_6XCC, MM51940FW200712, Bering_2_Bv6v4, Serp_CR11_8A_Aug, Serp_TL11_46, TWNCO2_2172m, TWNCO2_2003m, PS74_2_168_1_MUC, BS_4A, IODP_X336_U1383C_11R, IODP_X327_U1362A_21R1A, Knox_60B_28H2, 1374_8R_Bac, OL_KR2_596m, Serp_TL11_71, Aar_59E_25H2, IODP_X336_U1383C_30R, 1374_14R_Bac, U12N_10_tunnel, LI09_5, LI09_4, LI09_3, PC3C, OL_KR29_801m, IODP_X336_U1382B_10H4, J674black_Bv4v5, Venere_flow_150_m_from_summit_5, MSM16_2_823_1_MUC, 8_D, PC3A, JdFback, OL_KR23_424m, Site17A_554mbsf, Aar_59E_21H2, J676red_Av4v5, NP13504, Kabasilon, Extraction_blank, Bering_1_Bv6v4, Site17A_456mbsf, OL_KR1_609m, ONK_PVA08, Knox_60B_10H2, Bilby_DNA2_280312_Av6v4, Serp_CRO11_QV21R, BS_3A, TWNCO2_2496m, Serp_LS10_7, 1301A_1d, SURE3_C1_1, IODP_X336_U1382B_4H4, 1301A_1c, TWNCO2_2397m, 1301A_1a, S3, OL_KR5_457m, S1, S7, BLM_1B, BLM_1A, S4, 1301A_3c, LV13_5, Site17A_21mbsf, KA2198A_Prov_1, OL_KR6_422m, IODP_331_Site_C14D_2_1, TWNCO2_2419m, J675yellow_Bv4v5, Challenger_Middle_Pond_ThreeMicron, 1376_19R_Bac, PS64_326_PUC_12, SURE3_C2_2_3_1, TT109FW060311BH2, Orc4H3_upper, TWNCO2_1520m, Serp_TL11_24, IODP_X336_U1382B_7H6, ER_EC_11, S5, OL_KR9_564m, EM_15103_2_435_455, JdF8X5, JdF8X2, Serp_LS11_117, ONK_PVA10, 1376_04R_Bac, PS64_372_1_GC, IODP_X336_U1382B_2H4, Bilby_DNA2_280312_Bv6v4, IODP_X336_U1382B_2H2, IODP_331_Site_C14D_2_2, OL_KR13_360m, JdF5X1, ONK_PVA6, JdF21R1B, Venere_flow_80_m_from_summit_2, Venere_flow_80_m_from_summit_267, Site17A_589mbsf, Serp_TL11_3, Site17A_684mbsf, TWNCO2_2547m, BS_7.5A, Bering_4_Bv6v4, ONK_PVA06_2, TWNCO2_1614m, SURE2_C1_3_1_cell2, TWNCO2_2616m, Orc4H1, Sirena_Deep_ZeroPointOneMicron, TWNCO2_2325m, ONK_PVA3, Sirena_Deep_ZeroPointTwoMicron, SURE2_P7_S1, JdF4H2, DR5IPCFW280711, 1374_52R_Bac, PC3B, Site17A_226mbsf, J672yellow_Av4v5, BS_5A, BE326FW120711BH2, Wallulua_2009_413, TWNCO2_2056m, BS_7A, Cetus_summit_220, Venere_summit_470, PC4B, ONK_KR15, JdF16R2, Nevares_DW2B, 964W1, FI88FW031012, Knox_DrillFluid_63E_NC, Site17A_588mbsf, LD09_2_3, PC2C, Bering_8_Bv6v4, Site17A_456mbsf_Av6v, 1374_20R_Bac, Serp_LS11_65, Wallulua_2009_213, Mesochori3, 1376_07R_Bac, 1374_38R_Bac, Site17A_322mbsf_MDA, 1373_DF_Bac, MSM16_2_847_1_MUC, PS74_2_172_1_PUC131, BS_15105_2_147_167, 1376_16R_Bac, Ulithi_ZeroPointTwoMicron, IODP_X336_U1383C_24R, J675yellow_Av4v5, PC2A, BS_6A, Sirena_Deep_ThreeMicron, PS64_312_1_MUC, Site17A_178mbsf, TWNCO2_2108m, JdF21R1A, IODP_331_Site_C14B_2_10, AgiaParaskevi, Ulithi_ZeroPointOneMicron, KC_1_12_10_SW2_Bv6v4, Site17A_40mbsf, NeaApollonia3, Termopigi, Serp_CRO11_QV13R, 4_D, TWNCO2_1518m, PS64_317_PUC_17, TWNCO2_1733m, IODP_331_Site_C14D_2_3, ONK_PVA5, KC_L7850_B_MF_Bv6v4, Aar_59E_13H2, ONK_PVA1, O_3, Wallulua_2009_220, 944W11, PC1A, LI13_2, Bering_3_Bv6v4, Sk_hlaup, BS_15105_2_420_435, SURE2_P7_S2, SURE2_P7_S3, OL_KR3_380m, BS_1A, 6_H, Serp_TL10_57, Venere_summit_88, PS64_373_1_GC"
rock_type__Alphanumeric,", Igenous, igneous, Sedimentary, carbonate, conglomerated sediment, sediment"
envo_feature__Alphanumeric,", hydrothermal vent, desert spring, sediment, oceanic crust"
run,"20141024, 20120406, 20110901, 20110928, 20110907, 20121108, 20151110, 20161229, 20130204, 20120720, 20130912, 20120628, 20150806, 20111214, 20141030, 20121214, 20130405, 20110708, 20151006, 20120302, 20131115, 20150605"
temp__celsius,", 35.8, 30.8, 19.2, 2.0, 34.7, 34.6, 24.7-25.7, n.a., 52.1, 38.1, 36.9, 13.8, 13.9, 12.9, &gt;65, 17.3, 2.5, 21.5, 10.0, 8.3, 27, 38.1-44.4, 21, 44.7, 11.5, 11.6, 11.7, 11.1, 19.9-22.9, 3, 16.4, 9.8, 4, 6, 9, -1, 17.9, 9.0, 8.8, 16.8, 16.6, 10, 18.4, 16.2, 47.1, 40.7, 34.2, 28.9, 2, 38, 35.3, 8, 26.8, 9.5, 26.6, 10.5, 42.4, 29.3, 43.3, 11.9, 14.5, 14.4, 13, 12, 15, 14, 25.7, 16, 33, 18, 23, 10.4, 6.3, 52, 19, 14.6, 26.3-30, 10.8, 64, 5.9, 17, 44, 10.6"
chloride__parts per million,", 12.28, 1.05, 9.97, 72400, 6130, 52300, 10.45, 10.41, 49300, 10.66, 34600, 62300, 10.16"
redox_potential__millivolt,", 182, -179, -164, 50, 53, -803, -555, -818, -203, -733"
diss_org_carb__micromole_carbon_per_liter,", 4177, 21, 2992, 45, 28.8, 428, 123, 16.3, 3335, 1388, 39.2, 85"
sulfide__millimole_per_liter,"2.22, 0, 0.04, 0.32, "
diss_hydrogen__micromole_per_kilogram,", 35.8, 3.94, 0.01, 1.52, 0, 0.13, 18.6"
porosity__percent,61
Ho__nanogram_per_liter,", 85"
B__nanogram_per_liter,", 17000"
calcium_carbonate__percentage,"27.66, 31.33, 30.86, 35.77, 40.1, 37.34, 28.35, 27.42, 23.96, 25.72, 20.9, 31.1, 21.47"
sodium__parts per million,"10400, 30.22, 30.14, 1090, 1450000, 29.60, 29.75, 30.65, 30.44, 5850, 13500, 8520, 30.04, 8830"
diss_inorg_carb__micromole_per_liter,", 65800, 33000, 3.94, 3500, 2370, 4.89, 21400, 2.77, 21.92, 380, 35000, 41100, 10900, 23500, 3.64, 510, 1030, 167, 425, 5100"
rock_type__AlphaNumeric,", norite, sedimentary, tuff, dolomite, granite, sediment, quartzite"
methane__micromolePerKilogram,", 1.12, 3.77, 196, 0.81, 0.11, 0.98, 0.48, 4.91, 0.52"
calcium__parts per million,"3.47, 3.46, 3.45, 3.50, 3.42, 19500, 1850, 1600, 17200, 24500, 11200, 4.74, 3.43, "
ammonium__micromolePerKilogram,", 2.72, 1.12, &lt;0.005 mg/L, 3.03, 2.65, 51, 33, 2.9, 4, 112, &lt;0.6, 2.1, 0.44, 6.8"
env_package,"water-marine, microbial mat/biofilm, sediment, extreme habitat, water-freshwater"
nitrite__micromolePerKilogram,"bd, , 0.093, &lt;0.005 mg/L, 0.24, 0.26"
Ru__nanogram_per_liter,", 1.9"
Pt__nanogram_per_liter,", 2.1"
nitrate__parts per million,".1, .2, .4, .02"
ph__logH+,", 7.38, n.a., 9..4, 6.3, 7.4, 8.15, 8.2, 6.31, 7.65, 7.67, 7.69, 6.38, 7.85, 7.82, 6.56, 7.25, 6.74, 6.11, 8.03, 7.76, 7.77, 7.72, 7.71, 7.94, 7.78, 7.93"
methane_del13C__parts per million,", -92.27, -83.18, -56.30, -57.2, -41.4, -78.41, -52.4, -66.39, -66.94, -59.1, -53.9"
chloride__micromole_per_kilogram,", 595000, 145000, 529762, 549000, 62341.3258110014, 616146, 1314527.50352609, 442877.29, 323300, 552000, 4789, 558186.2, 554000, 546833, 175740.48, 548302.6, 560000, 65800, 536673, 82369.53, 278100, 116000, 216000, 333000, 545000, 10174000, 944992.95, 557220, 546329, 99858.9562764457, 65100, 61212.98, 223695.35, 89000, 546430, 541892, 221000, 931, 566995.768688293, 529000, 411847.67, 569000, 622092, 551000, 537713, 347000, 551573, 61500, 753698.1, 511987.9, 3150, 231875.88, 578000, 599000, 561000, 286300, 6480, 519655, 117000, 224259.52, 324400.56, 7780, 87000, 55000, 520077.9, 95909.73, 588246, 551636.8, 529476, 522290.7, 570000, 103808.180535966, 543000, 616912, 130888.575458392, 553000, 282000, 1390, 346000, 548000"
sample_id__Alphanumeric,"Wal213, BS-5 (B), Piston core P12_4, Serp_CR11_8B_Apr, IODP_331_Site_C14D_1_4, KJ0052F01_100L, Site17A_264mbsf, GeoB15103-2, 21-34 cm, TWNCO2_1956m, IODP_331_Site_C14D_1_1, TWNCO2_1675m, IODP_331_Site_C14D_1_3, 1376-23R, Challenger_West_Pond_ZeroPointOneMicron, KF0069A01_2, B_BE326FW010813_cap, 1376-7R, OL_KR56, OL_KR55, O3, TWNCO2_2273m, Serp_CR11_8A_Apr, J676black_Bv4v5, veneresummit2, cetussummit40, Piston core P3_4, BS-8A, BS-6 (B), Serp_LS11_83, A2, KA3510A_Prov_1, Challenger_Middle_Pond_ZeroPointTwoMicron, Site17A_447mbsf, Site17A_322mbsf, A_DR5IPC280513, Challenger_Middle_Pond_ZeroPointOneMicron, Challenger_West_Pond_ZeroPointTwoMicron, Nevares_DW2B, TWNCO2_2003m, TWNCO2_1564m, IODP_331_Site_C14B_1_2, IODP_331_Site_C14B_1_3, JdF U1363B 8X2, BS-3A, JdF U1363B 8X5, IODP_331_Site_C14B_1_4, JdF U1363F 4H2, KA3385A_2, B_DR5IPC280513, 1374-8R, ONK_KR15_2, diopside, BS-7 (B), Wal39, Wal34, 1374-20R, Site17A_588mbsf, cetussummit220, B4, KC_L7850_B_MF, 1374-38R, B1, B2, B3, TWNCO2_2659m, Knox60B28H2, Serp_CRO11_QV13R, BS-6A, U1363D 5X1, KA3110A_2, PC2D, Challenger_West_Pond_ThreeMicron, Piston core P13_4, Wal31, TWNCO2_1909m, TWNCO2_1814m, GeoB15105-2, 390-405 cm, Ulithi_ThreeMicron, JdF U1362A 21R1B, BE326 FW120711 Bh2, B_BE326FW010813_cap_2, TWNCO2_1788m, Piston core P6_3, Site17A_419mbsf, KC_7850_SWA, TWNCO2_2465m, Piston core P6_4, ONK_KR15 , 1374-52R, Serp_CR11_CSW1_1, Serp_TL11_46, TWNCO2_2172m, Piston core P4_3, J676red_Av4v5, DR5IPC FW150711 , Serp_TL11_72, BS-8 (B), Serp_TL11_71, B_BE326FW150813_cap_2, Knox60B10H2, JdF U1362A 21R1A, 1374-68R, veneresummit88, U12N_10_tunnel, BS-1 (B), 1374-27R, J676black_Av4v5, J674black_Bv4v5, 1373-DF, B_BE326FW080813_cap, NO14 FW130912 , 1376-19R, Aar65C4H2, IODP_331_Site_C14B_2_3, BS-1A, Site17A_554mbsf, A_BE326FW250111, A_DR5IPC280711, JdF background sample, Piston core P11_5, Piston core P11_2, ONK_PVA08, A_BE326FW150813_cap, extractionblank, Serp_CRO11_QV21R, PC1A, Site17A_40mbsf, Serp_LS10_7, BS-4A, SURE3_C1_1, TWNCO2_2397m, TWNCO2_2496m, 1376-16R, GeoB15105-2, 147-167 cm, BLM_1B, Serp_CR11_8A_Aug, JdF U1363F 4H-CC, BS-7.5A, augite, BS-4 (B), IODP_331_Site_C14D_2_2, 1374-14R, Site17A_21mbsf, KA2198A_Prov_1, B_BE326FW270712, TWNCO2_2419m, J675yellow_Bv4v5, B_DR5IPC280711, Challenger_Middle_Pond_ThreeMicron, A_BE326FW270712, Fo90 olivine, SURE3_C2_2_3_1, B_BE326FW080813_cap_2, AarDrillFluid59ENC, TWNCO2_1520m, Serp_TL11_24, BS-2A, BS-2 (B), B_BE326FW150813_MF_2, Serp_LS11_117, ONK_PVA10, Aar59E21H2, IODP_331_Site_C14D_2_3, 1374-58R, KC_1_12_10_SW2, venereflow150mfromsummit60, Knox63E6H2, BS-7A, GeoB 13504, GeoB15102-1, 23-43 cm, 1376-17R, IODP_331_Site_C14D_2_1, TWNCO2_1733m, Aar59E25H2, Serp_TL11_3, Site17A_684mbsf, TWNCO2_2547m, Wal220, PC2A, ONK_PVA06_2, TWNCO2_1614m, 6D, SURE2_C1_3_1_cell2, TWNCO2_2616m, Sirena_Deep_ZeroPointOneMicron, TWNCO2_2325m, Piston core P10_4, JdF U1362A 16R2, Piston core P10_2, Sirena_Deep_ZeroPointTwoMicron, JdF U1363F 4H1, Wal413, Bilby_DNA2-280312, PC3B, PC3C, J672yellow_Av4v5, PC3A, ER_EC_11, venereflow150mfromsummit5, TWNCO2_2056m, 6H, Aurora blank, PC4B, ONK_KR15, B_BE326FW150813_cap, PC4A, Site17A_589mbsf, Knox65C7H2, Aar59E13H2, Site17A_226mbsf, 8D, TT109 FW60312 Bh2, PC2C, Serp_LS11_65, Sirena_Deep_ThreeMicron, 1374-31R, A_BE326FW150813MF, GeoB 13501, Fo0 fayalite, B_BE326FW250111, Site17A_322mbsf_MDA, A1, A3, hornblende, venereflow80mfromsummit2, Site17A_456mbsf, KnoxDrillFluid63ENC, GeoB15105-2, 420-435 cm, Ulithi_ZeroPointTwoMicron, venereflow80mfromsummit267, 1376-4R, J675yellow_Av4v5, IODP_331_Site_C14B_1_1, O12, BS-5.5A, PC2B, veneresummit470, Site17A_178mbsf, FI88 FW200812 , TWNCO2_2108m, BS-5A, basalt glass, MM51940(46) FW200712 , IODP_331_Site_C14B_2_10, B_BE326FW150813_MF, Ulithi_ZeroPointOneMicron, BE326 FW210111 Bh2, JdF U1363F 4H3 upper, 4D, forsterite, venereflow80mfromsummit48, ONK_PVA5, ONK_PVA6, TWNCO2_2224m, GeoB15103-2, 220-240 cm, ONK_PVA1, BS-3 (B), ONK_PVA3, A_BE326FW010813_cap, A_BE326FW080813_cap, GeoB15103-2, 435-455 cm, Knox63E24H2, Sk_hlaup, BE326 FW270712 Bh2, obsidian, SURE2_P7_S2, SURE2_P7_S3, TWNCO2_1518m, SURE2_P7_S1, Serp_TL10_57, J672black_Av4v5"
Re__nanogram_per_liter,", 1.75"
env_matter,"sea water, ground water, unknown, underground water, water, rock, sediment"
Lu__nanogram_per_liter,", 31.5"
Rb__nanogram_per_liter,", 205.0"
perc_core_recovered__percentage,"NA, 100"
dna_region,"v3v5, v6v4, v6, v4v5"
calcium__micromole_per_kilogram,", 21100, 73107.44, 92319.98, 12981, 10739, 5166.6, 16500, 11400, 6708, 499, 82294, 11300, 9726.9, 11477.62, 6100, 99252, 22400, 43664.85, 12447, 52397.82, 12338, 1890, 21400, 798, 28750, 33700, 8800, 10589, 19700, 8653, 11700, 10318, 2654.1, 2870, 17500, 15526, 1170, 4500, 614, 3592.5, 8718.8, 21300, 132750, 27446.48, 34700, 1118, 22900, 4464, 2950, 3614.5, 249513.45, 10755, 56390.04, 50400, 3880, 12713, 407500, 11699, 20300, 52, 2601.1, 518, 1470, 114776.19, 10900, 6750, 7235.89"
Se__nanogram_per_liter,"115.0, "
Cl__nanogram_per_liter,", 1050000"
Au__nanogram_per_liter,", 1.3"
geo_loc_name__Alphanumeric,"Atlantic Ocean, Ionian Sea, Pacific Ocean, Canada, Italy, Bering Sea, South Africa, Iceland, Finland, United States of America, Arctic Ocean, Micronesia, Baltic Sea, Mediterranean Sea, Sweden, Black Sea, Andaman Sea, Gulf of California, Taiwan"
Sulfur tot__micromole_per_kilogram,"1996.26, below detection limit, 966.94, 374.3, 4054.9, 149.72, 53.03"
microbial_biomass_microscopic__log cells per cm3,", 8.43, 8.82, 8.86, 8.36, 7.64, 8.11, 7.93"
clone_library_results__Alphanumeric,", Archaeal 16S rDNA clones are comprised of Euryarchaeota (20%) and Crenarchaeota (80%) that have been reported from SA mines, Bacterial 16S rDNA clones are comprised of Ca. Desulforudis (35%) and Beta-Proteobacteria (46%), Bacterial 16S rDNA clones are basically dominated by Beta-Proteobacteria (93%); Bacterial 16S rRNA clonese are comprised of Alph, only detected Firmicutes, Clone library consisted of almost entirely Firmicutes closeley related to the sulfate reducer Desulfotomaculum putei.  Another p, Archaeal 16S rDNA clones are comprised of Methanobacteria (20%) and uncultured archaea (80%). These  phylotypes are related to t"
resistivity__ohmMeter,"0.683, 0.655, 0.946, 0.684, 0.962, 0.658, 0.585, 0.809, 0.827, 0.621, 0.436, 0.432, 0.575"
calcium_mg/L___milligram_per_liter,", 3.45"
TDS__mg/L,"3940, 10670, 53210, 12710, 12880, 5656, 4994, 23260, 18580, 13430, 25500"
Rh__nanogram_per_liter,", 0.94"
Ba__nanogram_per_liter,", 435"
alkalinity__mEq/L,", 3.83, 4.49, 4.03, 20.6, 63.4, 3.41, 26.2, 2.73, 3.07, 3.06, 18.4, 1.81, 1.63, 2.17, 1.82, 2.13, 2.6, 1.25, 4.96"
porosity__percentage,"67.7, 58.7, 66.9, 63.7, 63.6, 62.8, 62.6, 0.01, 65.2, 1, 64.8, 65.3, 64.7, 61.9, 64.9"
microbial_biomass_platecounts__cellsPerGram,"6000000, 2000000, 1000000, 300000, 3000000, 8000000"
alkalinity__microEquivalentPerLiter,", 280"
quality_method__fluorescent microspheres,"fluorescent microspheres, none"
potassium__nanogram_per_liter,", 125000"
Cr__nanogram_per_liter,", 22.5"
Zr__nanogram_per_liter,", 24.5"
Sb__nanogram_per_liter,", 2.1"
Zn__nanogram_per_liter,"13500, "
env_biome,"sea water, marine biome, marine sediment, unknown, basalt, terrestrial biome, underground water, Small lake biome, drilling bore water, sediment, marine ultramafic hydrothermal vent biome"
Cd__nanogram_per_liter,"21.5, "
salinity__per mill,35
Nb__nanogram_per_liter,", 1.35"
geo_loc_name,"Canada, Italy"
iron_III__micromole_per_kilogram,", 0.9, &lt;0.8, not analyzed"
quality_meth__Alphanumeric,fluorescent microspheres
manganese_mn__nanogram_per_liter,", 250000"
Sm__nanogram_per_liter,", 205"
Plate counts on Marine Agar__CFU/ml,"4x10E2, 6x10E3, nd, 5x10E3"
trace element geochemistry__,yes
org_carb_nitro_ratio__none,"6.08, 5.41, 5.54, 8.5, 6.67, 5.67, 5.97, 6.07, 8.33, 5.31, 5.74, 4.25, 8.12"
Ta__nanogram_per_liter,", 0.38"
iron_II__micromole_per_kilogram,", 0.9, 3.76, 0.4, 0.61, 21.49, 0.65, 1.97, 13.6395267919, 1.15, 3.87, not analyzed, below detection limit, 0.25, &lt;0.8, 0.8350730689, 0, 0.000, 73.95, 17.91, 7.9331941545, 0.200, 8.24, 0.72, 27.6, 1.07, 0.14, 0.36, 1.2526096033, 2.226861517, 0.63, 1.61, 20.260, 29.979, 1.43, 1.68"
project_name__Alphanumeric,SAK_MED
Sulfate reduction depth integrated 0-10__mmol/m2/d1,"8.3, 4.1, 5.6, 0.1, 0.2, 0.5, 0.7, 0, 3.8, 6.9"
Ga__nanogram_per_liter,", 19.0"
alkalinity__microequivalent_per_liter,", 45.355, 20.417, 7.17, 7.34, 43.348, 2.985, 2.329, 6.1, 4.4, 4.986, 730, 19.27, 168.1, 9.05, 57.47, 28.4, 8.978, 58.2, 32.681, 4.002, 7.93"
manganese_mn__micromolePerKilogram,"20.4, 1.3, 0.1, 0.01, 28, 1, 9, 0.72, 2.8, 0.68"
ammonium__micromole_per_liter,"0.15, 0.47, 20, 0.12"
material__,water
Ce__nanogram_per_liter,", 1.1"
microbial_biomass_FISH__cellsPerGram,", 650000, 610000, 280000, 550000, 510000, 100000, 500000"
lat_lon__decimalDegree,", 47o45.6628N, 127o45.6720W, 72 N, 14.726 E, 72.004 N, 14.725 E, 72.004 N, 14.73 E, 72.005 N, 14.726 E, 72.003 N, 14.732 E, 72.003 N, 14.728 E, 72.003 N, 14.731 E, 28.596 S, 173.381 W, 72.004 N, 14.727 E, 72.005 N, 14.724 E, 28.596 S, 173.280 W, 72.001 N, 14.719 E"
depth__meter,"78.5, 11.5, 3.0, 518.0, 1.0, 10.0, 4.58, 21.0, 1046.0, 23.0, 24.0, 0.5, 126.7, 0.12, 10.07, 31.94, 554.0, 14.327, 46.0, 559.0, 48.0, 3.05, 2100.0, 8.536, 2495.24, 231.2, 572.0, 404.61, 577.0, 67.0, 0.4, 75.0, 588.0, 589.0, 53.56, 3.5, 2325.32, 276.4, 2.3, 94.0, 3.75, 0.6, 11.65, 2.7, 20.35, 4.7, 0.326, 28.9, 2547.41, 3.6, 312.2, 1840.94, 1614.73, 32.34, 447.0, 3200.0, 1154.0, 2271.85, 50.2, 137.0, 4.63, 256.64, 214.17, 1675.1, 2107.89, 0.0, 2418.5, 1788.89, 1519.84, 3.075, 684.0, 2002.65, 178.0, 120.8, 798.0, 40.0, 61.01, 2.25, 700.0, 39.6, 5.65, 0.15, 14.6, 2.2, 102.9, 4.35, 730.0, 2657.76, 454.82, 226.0, 1264.0, 90.31, 448.7, 3.73, 1734.6, 154.2, 761.0, 31.15, 766.0, 81.5, 42.2, 16.8, 264.0, 2.02, 2223.08, 130.0, 271.0, 1298.0, 275.0, 1300.0, 1302.0, 900.0, 400.2, 284.0, 413.68, 7.27, 70.35, 2.35, 296.0, 297.0, 300.0, 203.6, 10.4, 1.15, 0.7, 1339.0, 828.0, 450.5, 0.9, 322.0, 135.8, 327.0, 328.0, 331.0, 336.0, 337.0, 340.0, 84.5, 1.65, 347.0, 0.23, 2057.17, 350.0, 863.0, 2466.1, 144.6, 0.02, 222.3, 60.0, 362.0, 1900.0, 3.37, 8.63, 10.17, 884.0, 377.0, 2.8, 379.0, 1956.5, 0.21, 366.45, 6.67, 67.8, 89.32, 340.8, 0.04, 388.0, 3.9, 399.0, 400.0, 405.0, 228.7, 27.4, 4.225, 415.0, 4.2, 419.0, 47.6, 423.0, 174.2, 0.03, 2615.76, 1.47, 8.4, 1.24, 2396.89, 8.65, 491.39, 4.971, 456.0, 973.0, 1519.58, 2170.93, 60.7, 446.01, 29.65, 2.5, None, 29.05, 1563.92, 0.05, 2.96, 1909.44, 491.2, 167.2, 1018.0, 510.0, 455.05"
Alkalinity _HCl uptake___mmol/L,"2.19, 0.37, 0.27, 0.23, &lt;0.05, 0.13, 0.47, 1.83, 0.18, 0.29"
latitude,"43.403, 38.862, 47.7538, 64.88, 33.028, 11.2811, 72.004, 9.077, -28.596, 38.6075, 49.4648, 72.0, 47.754, 38.60747, 37.06, 49.473, 47.76105, 58.70444, 37.2, 38.7, 46.1, 18.906, 26.42, -24.83, 47.7542, 37.646, 22.80221, 10.01, 11.37, 72.003, 64.49, 44.46, 27.38, 38.60758, 47.7535, 11.36902, 9.086, 9.078, 47.825, 36.5073, 27.52, -27.98, 27.790218, 61.2369, 47.7537, 47.29287, 37.88012, 37.21, 22.83, 58.7, 47.7539, 44.6, 27.12, -28.38, 27.37, 9.081, 28.24, 64.26, 55.463252, -32.217, 24.093, 47.7541, 38.60757, 44.42, -28.24, 47.292873, 58.622326, 12.04, -26.42, 72.001, 9.089, 49.4922, 38.60658, 47.28877, 61.24, 57.4344, 72.005, 36.4011666667, 38.60655, 47.76103, 35.274, 56.620161, 47.289197, 49.4653, 47.7536, 41.526, None, 27.3, 55.004821, 22.78, 27.79026, 11.34, 22.75547"
V__nanogram_per_liter,", 66"
tot_carb__percentage,"4.07, 4.14, 5.6, 3.49, 5.03, 3.7, 2.9, 4, 4.44, 4.22, 4.37, 4.79, 4.34"
longitude,"-127.7612, 27.5, 139.75, 17.18705, 111.53, -46.11, 18.254166, -122.414, -116.81967, 32.63, 8.73, -75.16, 18.2541667, -127.7644, 111.52, -58.0426, 17.18934, -171.881, 15.474324, 87.094, 111.4, -46.08125, -46.05, 8.66, -127.764, 14.724, 12.976, 14.731, 8.77, -17.51, 27.504, -57.9584, 10.273, 26.796, -155.257, 8.78, 26.88, -116.48, 126.900677, 23.45, 144.35, -128.03562, 14.732, -127.7643, 87.093, -128.029332, 142.43, -118.92, -128.02933, -46.05259, -92.252, 17.18803, 111.36, -173.28, 16.66, -57.9813, -127.7639, -128.0351, 14.719, 21.4408, 14.726, 111.42, 87.1, -122.43, -116.468, -127.7646, 26.8, -116.02, 17.18913, 17.46227, 126.900747, 21.44, 14.727, -17.50915, -127.7642, -173.381, 10.108177, 14.73, -116.21, 87.096, 120.389, 14.725, -57.95763, 17.18804, 93.1, 142.2, 21.692, 14.728, 111.13, -178.56417, -127.7645, 27.34, 111.41, 87.091, -18.14, None, 17.18708, 11.670677, 27.43, -178.56, -127.7641"
Ca__nanogram_per_liter,", 3450000"
phosphate__micromole_per_kilogram,", 3.291, 0.660, 1.3, 0.3, 3.58, 4.842, 1.7, 113.5, 19.83, 0.45, 0.901, 8.125, below detection limit, 146.57, 70.48, 6.99, 2.58, 3.167, &lt;1.1, 1.52, 0.494, 0.87, 98.8, 18.159, 99.3, 37.01, 3.41, &lt;0.32, 6.76, 1.379, 0.4, 22.863, 0.17, 1.81, 121.17, 2.532, 25.627, 0.34, 268.05, 1.22, 1.46, 3.920"
iron__parts per million,"63.8, 24.8, 0.235, 61500, 34.4, 0.185, 87.2, 120, 0.161, 0.239, 77.4, 0.332, 0.262, 0.179"
sample_volume__liter,", 150, 1.5, 0.1, 66000, 60, 0.63, 7.4, 1.000, 50000, 0.05, 1, 3, 2, 5, 250000, 7, 2.15, 0.002, N/A, 12700, 100, 0.7 L, 0.005, 95000, 10, 13, 15, 50, 23000, 0.165, 10 g"
iron__micromole_per_kilogram,", 0.8, 0.3, 1.8, 0.61, 0.63, 0.64, 0.65, 0.45, 8.77, 0.08, 5.5, below detection limit, 111.02, 0.25, &lt;0.8, 0.07, 1, 0, 16.4, 0.580, 3.58, 0.200, 0.14, 27.5, 8.7, 0.39, 0.36, 1.11, 0.230, 10027.76, 137"
Methane oxidation depth integrated 0-10__mmol/m2/d1,", 0.1, 4.9, 3, 3.7, 3.4, 3.8, 2.7, 2.5"
Pd__nanogram_per_liter,", 61.5"
sulfate__millimole_per_liter,", 31.06, 17.87, 5.97, 11.13, 8.24, 19.21, 20.52, 15.68"
lithology__,", conglomerates and gneisses"
manganese_mn__microgram_per_liter,", 250000"
diss_inorg_carb__microMolePerLiter,"65800, 41100, 46200, 21400, 24500, 23500, 35000, 10900, 5100, 33000"
diss_oxygen__micromolePerKilogram,", 3.35 mg/L, 8.2, 1.5, 16, 0.193 mg/L, 3.6, 3.44 mg/L, 148, 2.2, 2.1, 6.9, 0.87 mg/L"
redox_state__Alphanumeric,", oxic, microaerophilic, reducing, anoxic, OXIC"
quality assurance / quality control meth__fluorescent microspheres,"Nano Quant, nanodrop"
Cs__nanogram_per_liter,"0.37, "
pressure__deciBar,1250
Ir__nanogram_per_liter,", 0.79"
I__nanogram_per_liter,", 160"
pH__logH+,", 7.14, 7.18, 7.2, 7.3, 7.0, 7.1, 7.6, 7.7, 7.4, 12.4, 8.15, 7.8, 7.9, 6.9, 6.8, 10.1, 0, 7.62, 6.35, 7.67, 8, 7.01, 12.2, 8.95, 11.51, 7.94, 8.99, 5.45, 7.37, 5.47, 7.38, 7.5, 9.51, 7.89, 7.82, 9.22, 7.25, 6.77, 10.76, 6.09, 7.51, 5.25, 5.22, 5.21, 8.1, 8.3, 8.2, 8.5, 6.64, 8.6, 8.8, 7.65, 9.1, 12.28, 12.06, 7.43, 7.41, 12.27, 7.45, 6.4, 8.21, 8.23, 5.19, 6.86, 6.89, 4.5, 6.97, 6.94, 11.7, 11.2, 5.81, 6.11, 8.83, 8.02, 8.01, 8.08, 5.75, unknown, probably near-neutral or weakly alkaline, 7.76, 10.81, 7.72, 10.85, 6.29, 7.78, 7.79"
del18O_water__parts per million,", -5.94, -7, -8.68, -4.35, -6.44, -5.02"
reverse_primer,"GGATTAGNTACCC, CCAGCAGCCGCGGTAAN, CCAGCAGCTGCGGTAAN, AGGTGN?TGCATGG*CTGTCG, AGGTGN?TGCATGG*TTGTCG, AGGTGN?TGCATGG*CCGTCG, AGGTGN?TGCATGG*TCGTCG, ACT[CT]AAANGAATTGACGG, ACTCAAAAGAATTGACGG, ACTCAAAGAAATTGACGG, CCGGCGTTGANTCCAATT, GWGGTRCATGGCY?GY?CG"
salinity__g/kg,"4.3, 3.06, 0.22, 3.5, 0.13, 0.12, 0.44, 4.25"
access_point_type__Alphanumeric,", diffuse vent fluids, core, spring, fracture fluids, well, piston core, borehole, Seep fluids, river, mine borehole"
sulfide__micromole_per_kilogram,", 3.19, 450, 0.6, 0.63, 5.61, 3.125, 2.5, 2.8125, 31.19, below detection limit, 0.01, 0, 10.16, 79.54, 3.44, 5.93, 0.72, 9.67, not analyzed, 16.875, 71.875, 0.31, 2.09, -0.5625, 2.03"
target_gene,16s
P__nanogram_per_liter,", 64500"
only GCs: Methane oxidation rate at DNA__nmol/ml1/d1,", 0, 8.7"
magnesium__nanogram_per_liter,", 1450000"
Cu__nanogram_per_liter,", 5600"
manganese_ug/L___microgram_per_liter,", 250"
potassium__micromole_per_kilogram,", 92.3076923077, 202, 1082, 898, 1000, 396, 615.3846153846, 171, 276, 236, 148.7179487179, 230, 171.7948717949, 221, 187"
microbial_biomass_microscopic__cellsPerGram,", 417000, 64299.8, 7121.2, 660, 7870, 59100, not analyzed, below detection limit, 39166.8, 46000000, 140000000, 250000, 150000000, 280000000, 124621.5, 11681.3, 12654.8, 22800, 15400, 92000000, 220, 16920, 91000000, 4867.2, 3560.6, 14242.5, 206851.5, 100000, 10903, 86800, 88000000, 390000000, 243120"
pressure__decibar,", 1.5, 270, 3.4, 3.5, 3.2, 2.7, 2.4"
habitat description__Alphanumeric,"central flow, hydrate zone (tubeworms), center, Reference, center (geographical center), new mud flow (hot center), newer mud flow, aged flow (bacterial mat), new mud flow (geographical center)"
manganese_mn__parts per million,", 21.9, 11.2, 16.3, 1.80, 16.9"
"type of access point _seep fluids, well,__Alphanumeric",core
env_material__Alphanumeric,"saline deep groundwater, groundwater, groundwater flowcell biofilm, sediment"
Sr__nanogram_per_liter,", 17000"
potassium__milligramsPerLiter,", 11"
U__nanogram_per_liter,", 12"
Bi__nanogram_per_liter,"0.59, "
chloride_mg/L___milligram_per_liter,", 1.05"
W__nanogram_per_liter,", 1.65"
Er__nanogram_per_liter,", 240"
geo_loc_name__,Greece
dataset__,"A_DR5IPC280711, A_BE326FW270712, B_BE326FW150813_cap, A_BE326FW250111, P12_4, B_BE326FW010813_cap, B_BE326FW270712, P13_4, B_BE326FW010813_cap_2, B_DR5IPC280711, P10_4, P10_2, P11_5, P11_2, P3_4, A_DR5IPC280513, B_BE326FW150813_MF_2, B_BE326FW250111, P4_3, B_BE326FW080813_cap_2, P6_3, B_BE326FW150813_MF, B_DR5IPC280513, P6_4, B_BE326FW080813_cap, A_BE326FW150813MF, B_BE326FW150813_cap_2, A_BE326FW010813_cap, A_BE326FW080813_cap, A_BE326FW150813_cap"
microbial biomass _average cell numbers___cells/ml,", 440000000, 1030000000, 90000000, 80000000, 860000000, 130000000, 1460000000, 430000000"
Pb__nanogram_per_liter,", 87"
part_org_carbon_del13C__perMil,"-25.9, -19.7, -20.5, -21.0, -24.2, -24.5"
Yb__nanogram_per_liter,", 190"
Nd__nanogram_per_liter,", 755"
phosphate__parts per million,"1, .1, .2"
conductivity__milliseimenPerCentimeter,", 12.3, 9.58, 7.6, 30.15, 12.8, 93, 97.4, 37.7, 0.517, 23, 15.20, 28, 29, 7.8, 2.17, 12.09, 2.15, 87, 7.03, 10.57, 26.9, 0.53, 0.56, 17.39, 57, 131.9, 14.9, 8.97, 49.3, 22.4, 2.23, 10.47, 2.8, 10.40, 2.6, 3.8, 15.06, 0.45, 0.983, 94.6, 14.62, 14.64, 7.25, 0.38, 33, 0.32, 0.31, 32.9, 15.27, 1.5, 22.93, 12.36, 78.2, 9.98, 16.10, 8.5, unknown, 21.9, .2, .6, 11.28, 41.1, 6.39, 9.035, 17.77, 23.15, 18, 0.548, 2.85, 1.7, 1.1, 1.2, 1.3, n.a., 0.6, 0.66, 13.9, 6.93, 4.7, 48, 4.8, 2.76, 17.09, 10.99, 2.96, 18.32, 100.8, 29.6"
Li__nanogram_per_liter,"195, "
Tm__nanogram_per_liter,", 31.5"
In__nanogram_per_liter,", 7.3"
tot_org_carb__percentage,"1.12, 0.39, 0.61, 0.55, 0.74, 0.5, 0.82, 0.58, 0.64, 0.75, 0.85, 0.79, 0.91"
Tl__nanogram_per_liter,", 3.7"
diss_inorg_carbon__millimolePerKilogram,", 1.8, 2.4"
sequencing_platform,"454, illumina"
envo_material__Alphanumeric,", sea water, marine sediment, N/A, underground water, water, rock, sediment"
diss_inorg_carbon_del13C__perMil,"-1.42, -5.48, -1.68, 4.55, -15.84, -3.36, -0.83"
samp_store_dur__Alphanumeric,"P1Y6M, , P1Y7M, 6 weeks, P8M, P2Y1M10D, P2Y1M11D, P6M, P4D, 6M, P2Y1M4D, P2Y2M, P2Y1M2D, P3Y3M20D, P4Y, T24H, P2Y0M28D, P2Y, 1 year, P0Y7M"
Eh__mV (SHE),", -97.6, 252.2, 53.5, -62.3, -18.2, -86.4"
nitrate__micromole_per_liter,"29.14, 32.45, 29.67, 29.255"
borehole_depth__meter,"188.3, 320, 320.1, 305.7, 210"
magnesium__micromole_per_kilogram,"864.02, 1316.6, 1440.03, 5595.56, 699.44, 2262.91, 2139.48, 2797.78, 3168.07, 1686.9, 740.59"
enzyme_activities__Alphanumeric,"nitrate reductase, iron oxidation"
chloride__micromolePerKilogram,",  36 mg/L, 1260, 588246, 46800, 558186.2, 548302.6, 37300, 130000, 12400, 522290.7, 511987.9, 495048.1, 1500, 520077.9, 558850.8, 588000, 551636.8, 29300, 5420, 753698.1, 684, 540000"
Sc__nanogram_per_liter,", 885.0"
Ni__nanogram_per_liter,", 6400"
target_gene__Alphanumeric,16s
Mo__nanogram_per_liter,", 2"
feature__,hydrothermal vent
La__nanogram_per_liter,", 550"
nitrite__parts per million,".04, .2, .4, .1"
N tot__mg/L,"1.1, 1.2, 0.38, 0.66, &lt;0.05, 0.71, 0.75, 3.1, 0.42, 0.41"
"target_gene__16S rDNA, mcrA",16s
microbial_biomass_intactpolarlipid__pgPerGram,", 151.9, 80.8, 4.34"
